Country Name,Year,Rural population (% of total population)
Afghanistan,2015,75.197
Afghanistan,2016,74.98
Afghanistan,2017,74.75
Afghanistan,2018,74.505
Albania,2015,42.566
Albania,2016,41.579
Albania,2017,40.617
Albania,2018,39.681
Algeria,2015,29.152
Algeria,2016,28.541
Algeria,2017,27.948
Algeria,2018,27.371
American Samoa,2015,12.762
American Samoa,2016,12.802
American Samoa,2017,12.83
American Samoa,2018,12.847
Andorra,2015,11.655
Andorra,2016,11.752
Andorra,2017,11.85
Andorra,2018,11.938
Angola,2015,36.554
Angola,2016,35.851
Angola,2017,35.161
Angola,2018,34.486
Antigua and Barbuda,2015,75
Antigua and Barbuda,2016,75.154
Antigua and Barbuda,2017,75.287
Antigua and Barbuda,2018,75.401
Arab World,2015,41.96853332
Arab World,2016,41.65472472
Arab World,2017,41.35851651
Arab World,2018,41.07458141
Argentina,2015,8.497
Argentina,2016,8.373
Argentina,2017,8.251
Argentina,2018,8.13
Armenia,2015,36.915
Armenia,2016,36.918
Armenia,2017,36.897
Armenia,2018,36.851
Aruba,2015,56.892
Aruba,2016,56.808
Aruba,2017,56.707
Aruba,2018,56.589
Australia,2015,14.299
Australia,2016,14.2
Australia,2017,14.096
Australia,2018,13.988
Austria,2015,42.285
Austria,2016,42.095
Austria,2017,41.906
Austria,2018,41.703
Azerbaijan,2015,45.286
Azerbaijan,2016,44.979
Azerbaijan,2017,44.657
Azerbaijan,2018,44.32
"Bahamas, The",2015,17.254
"Bahamas, The",2016,17.168
"Bahamas, The",2017,17.075
"Bahamas, The",2018,16.975
Bahrain,2015,11.001
Bahrain,2016,10.91
Bahrain,2017,10.814
Bahrain,2018,10.713
Bangladesh,2015,65.692
Bangladesh,2016,64.917
Bangladesh,2017,64.142
Bangladesh,2018,63.368
Barbados,2015,68.751
Barbados,2016,68.807
Barbados,2017,68.841
Barbados,2018,68.853
Belarus,2015,22.819
Belarus,2016,22.339
Belarus,2017,21.866
Belarus,2018,21.405
Belgium,2015,2.124
Belgium,2016,2.081
Belgium,2017,2.039
Belgium,2018,1.999
Belize,2015,54.594
Belize,2016,54.505
Belize,2017,54.399
Belize,2018,54.276
Benin,2015,54.305
Benin,2016,53.771
Benin,2017,53.232
Benin,2018,52.688
Bermuda,2015,0
Bermuda,2016,0
Bermuda,2017,0
Bermuda,2018,0
Bhutan,2015,61.322
Bhutan,2016,60.572
Bhutan,2017,59.833
Bhutan,2018,59.105
Bolivia,2015,31.607
Bolivia,2016,31.262
Bolivia,2017,30.92
Bolivia,2018,30.575
Bosnia and Herzegovina,2015,52.827
Bosnia and Herzegovina,2016,52.482
Bosnia and Herzegovina,2017,52.124
Bosnia and Herzegovina,2018,51.755
Botswana,2015,32.845
Botswana,2016,32.067
Botswana,2017,31.3
Botswana,2018,30.554
Brazil,2015,14.23
Brazil,2016,13.958
Brazil,2017,13.691
Brazil,2018,13.431
British Virgin Islands,2015,53.417
British Virgin Islands,2016,53.043
British Virgin Islands,2017,52.663
British Virgin Islands,2018,52.277
Brunei Darussalam,2015,23.337
Brunei Darussalam,2016,23.01
Brunei Darussalam,2017,22.688
Brunei Darussalam,2018,22.371
Bulgaria,2015,26.01
Bulgaria,2016,25.671
Bulgaria,2017,25.331
Bulgaria,2018,24.992
Burkina Faso,2015,72.47
Burkina Faso,2016,71.866
Burkina Faso,2017,71.257
Burkina Faso,2018,70.642
Burundi,2015,87.922
Burundi,2016,87.612
Burundi,2017,87.294
Burundi,2018,86.968
Cabo Verde,2015,35.7
Cabo Verde,2016,35.216
Cabo Verde,2017,34.739
Cabo Verde,2018,34.268
Cambodia,2015,77.812
Cambodia,2016,77.418
Cambodia,2017,77.02
Cambodia,2018,76.612
Cameroon,2015,45.422
Cameroon,2016,44.821
Cameroon,2017,44.223
Cameroon,2018,43.626
Canada,2015,18.741
Canada,2016,18.7
Canada,2017,18.65
Canada,2018,18.589
Caribbean small states,2015,49.21531597
Caribbean small states,2016,49.09360741
Caribbean small states,2017,48.95537832
Caribbean small states,2018,48.80063842
Cayman Islands,2015,0
Cayman Islands,2016,0
Cayman Islands,2017,0
Cayman Islands,2018,0
Central African Republic,2015,59.723
Central African Republic,2016,59.382
Central African Republic,2017,59.02
Central African Republic,2018,58.636
Central Europe and the Baltics,2015,37.85931675
Central Europe and the Baltics,2016,37.81552091
Central Europe and the Baltics,2017,37.75144624
Central Europe and the Baltics,2018,37.66792394
Chad,2015,77.485
Chad,2016,77.323
Chad,2017,77.142
Chad,2018,76.941
Channel Islands,2015,69.038
Channel Islands,2016,69.07
Channel Islands,2017,69.086
Channel Islands,2018,69.086
Chile,2015,12.64
Chile,2016,12.578
Chile,2017,12.51
Chile,2018,12.436
China,2015,44.5
China,2016,43.264
China,2017,42.04
China,2018,40.848
Colombia,2015,20.236
Colombia,2016,19.892
Colombia,2017,19.554
Colombia,2018,19.222
Comoros,2015,71.53
Comoros,2016,71.381
Comoros,2017,71.216
Comoros,2018,71.035
"Congo, Dem. Rep.",2015,57.26
"Congo, Dem. Rep.",2016,56.693
"Congo, Dem. Rep.",2017,56.12
"Congo, Dem. Rep.",2018,55.54
"Congo, Rep.",2015,34.457
"Congo, Rep.",2016,33.999
"Congo, Rep.",2017,33.541
"Congo, Rep.",2018,33.084
Costa Rica,2015,23.138
Costa Rica,2016,22.265
Costa Rica,2017,21.44
Costa Rica,2018,20.66
Cote d'Ivoire,2015,50.556
Cote d'Ivoire,2016,50.119
Cote d'Ivoire,2017,49.674
Cote d'Ivoire,2018,49.221
Croatia,2015,43.845
Croatia,2016,43.597
Croatia,2017,43.333
Croatia,2018,43.053
Cuba,2015,23.104
Cuba,2016,23.07
Cuba,2017,23.023
Cuba,2018,22.963
Curacao,2015,10.648
Curacao,2016,10.728
Curacao,2017,10.797
Curacao,2018,10.855
Cyprus,2015,33.054
Cyprus,2016,33.119
Cyprus,2017,33.164
Cyprus,2018,33.19
Czech Republic,2015,26.523
Czech Republic,2016,26.43
Czech Republic,2017,26.325
Czech Republic,2018,26.208
Denmark,2015,12.474
Denmark,2016,12.358
Denmark,2017,12.243
Denmark,2018,12.126
Djibouti,2015,22.583
Djibouti,2016,22.472
Djibouti,2017,22.352
Djibouti,2018,22.223
Dominica,2015,30.421
Dominica,2016,30.12
Dominica,2017,29.819
Dominica,2018,29.517
Dominican Republic,2015,21.434
Dominican Republic,2016,20.564
Dominican Republic,2017,19.723
Dominican Republic,2018,18.926
Early-demographic dividend,2015,56.07002123
Early-demographic dividend,2016,55.67223218
Early-demographic dividend,2017,55.27296468
Early-demographic dividend,2018,54.8687433
East Asia & Pacific,2015,43.56157904
East Asia & Pacific,2016,42.67854085
East Asia & Pacific,2017,41.80343612
East Asia & Pacific,2018,40.94721133
East Asia & Pacific (excluding high income),2015,47.31467525
East Asia & Pacific (excluding high income),2016,46.31840026
East Asia & Pacific (excluding high income),2017,45.33046512
East Asia & Pacific (excluding high income),2018,44.36641176
East Asia & Pacific (IDA & IBRD countries),2015,47.42289774
East Asia & Pacific (IDA & IBRD countries),2016,46.41631841
East Asia & Pacific (IDA & IBRD countries),2017,45.41838509
East Asia & Pacific (IDA & IBRD countries),2018,44.44490798
Ecuador,2015,36.602
Ecuador,2016,36.466
Ecuador,2017,36.33
Ecuador,2018,36.179
"Egypt, Arab Rep.",2015,57.215
"Egypt, Arab Rep.",2016,57.268
"Egypt, Arab Rep.",2017,57.295
"Egypt, Arab Rep.",2018,57.296
El Salvador,2015,30.3
El Salvador,2016,29.499
El Salvador,2017,28.725
El Salvador,2018,27.977
Equatorial Guinea,2015,29.384
Equatorial Guinea,2016,28.862
Equatorial Guinea,2017,28.354
Equatorial Guinea,2018,27.857
Eritrea,2015,..
Eritrea,2016,..
Eritrea,2017,..
Eritrea,2018,..
Estonia,2015,31.584
Estonia,2016,31.437
Estonia,2017,31.283
Estonia,2018,31.12
Eswatini,2015,76.7
Eswatini,2016,76.541
Eswatini,2017,76.375
Eswatini,2018,76.201
Ethiopia,2015,80.572
Ethiopia,2016,80.134
Ethiopia,2017,79.69
Ethiopia,2018,79.237
Euro area,2015,23.66029796
Euro area,2016,23.44569562
Euro area,2017,23.23008113
Euro area,2018,23.00826729
Europe & Central Asia,2015,28.37807528
Europe & Central Asia,2016,28.19440552
Europe & Central Asia,2017,28.00893412
Europe & Central Asia,2018,27.8164895
Europe & Central Asia (excluding high income),2015,33.57196739
Europe & Central Asia (excluding high income),2016,33.40377367
Europe & Central Asia (excluding high income),2017,33.23096568
Europe & Central Asia (excluding high income),2018,33.05261949
Europe & Central Asia (IDA & IBRD countries),2015,34.1854015
Europe & Central Asia (IDA & IBRD countries),2016,34.0347134
Europe & Central Asia (IDA & IBRD countries),2017,33.87733605
Europe & Central Asia (IDA & IBRD countries),2018,33.71316769
European Union,2015,26.0918159
European Union,2016,25.89497291
European Union,2017,25.69313049
European Union,2018,25.48430093
Faroe Islands,2015,58.362
Faroe Islands,2016,58.223
Faroe Islands,2017,58.086
Faroe Islands,2018,57.936
Fiji,2015,45.274
Fiji,2016,44.765
Fiji,2017,44.258
Fiji,2018,43.752
Finland,2015,14.775
Finland,2016,14.725
Finland,2017,14.675
Finland,2018,14.618
Fragile and conflict affected situations,2015,56.32100386
Fragile and conflict affected situations,2016,55.8978876
Fragile and conflict affected situations,2017,55.48300281
Fragile and conflict affected situations,2018,55.06337904
France,2015,20.345
France,2016,20.083
France,2017,19.82
France,2018,19.556
French Polynesia,2015,38.317
French Polynesia,2016,38.266
French Polynesia,2017,38.216
French Polynesia,2018,38.166
Gabon,2015,11.882
Gabon,2016,11.441
Gabon,2017,11.024
Gabon,2018,10.63
"Gambia, The",2015,40.772
"Gambia, The",2016,40.082
"Gambia, The",2017,39.401
"Gambia, The",2018,38.73
Georgia,2015,42.552
Georgia,2016,42.163
Georgia,2017,41.769
Georgia,2018,41.368
Germany,2015,22.8
Germany,2016,22.776
Germany,2017,22.739
Germany,2018,22.688
Ghana,2015,45.914
Ghana,2016,45.251
Ghana,2017,44.593
Ghana,2018,43.94
Gibraltar,2015,0
Gibraltar,2016,0
Gibraltar,2017,0
Gibraltar,2018,0
Greece,2015,21.954
Greece,2016,21.613
Greece,2017,21.276
Greece,2018,20.942
Greenland,2015,13.929
Greenland,2016,13.674
Greenland,2017,13.426
Greenland,2018,13.184
Grenada,2015,64.003
Grenada,2016,63.928
Grenada,2017,63.836
Grenada,2018,63.728
Guam,2015,5.466
Guam,2016,5.383
Guam,2017,5.301
Guam,2018,5.22
Guatemala,2015,50.029
Guatemala,2016,49.681
Guatemala,2017,49.32
Guatemala,2018,48.946
Guinea,2015,64.859
Guinea,2016,64.54
Guinea,2017,64.207
Guinea,2018,63.86
Guinea-Bissau,2015,57.877
Guinea-Bissau,2016,57.467
Guinea-Bissau,2017,57.055
Guinea-Bissau,2018,56.64
Guyana,2015,73.559
Guyana,2016,73.518
Guyana,2017,73.462
Guyana,2018,73.394
Haiti,2015,47.573
Haiti,2016,46.604
Haiti,2017,45.654
Haiti,2018,44.722
Heavily indebted poor countries (HIPC),2015,65.3585312
Heavily indebted poor countries (HIPC),2016,64.9109196
Heavily indebted poor countries (HIPC),2017,64.45560771
Heavily indebted poor countries (HIPC),2018,63.99153474
High income,2015,19.19778717
High income,2016,19.02340137
High income,2017,18.84554802
High income,2018,18.66502164
Honduras,2015,44.835
Honduras,2016,44.187
Honduras,2017,43.543
Honduras,2018,42.904
"Hong Kong SAR, China",2015,0
"Hong Kong SAR, China",2016,0
"Hong Kong SAR, China",2017,0
"Hong Kong SAR, China",2018,0
Hungary,2015,29.5
Hungary,2016,29.221
Hungary,2017,28.938
Hungary,2018,28.649
IBRD only,2015,46.83963521
IBRD only,2016,46.21763526
IBRD only,2017,45.59801688
IBRD only,2018,44.987572
Iceland,2015,6.3
Iceland,2016,6.265
Iceland,2017,6.227
Iceland,2018,6.187
IDA & IBRD total,2015,51.19248064
IDA & IBRD total,2016,50.65040068
IDA & IBRD total,2017,50.11038063
IDA & IBRD total,2018,49.57779823
IDA blend,2015,58.99471185
IDA blend,2016,58.5402987
IDA blend,2017,58.08447922
IDA blend,2018,57.61957498
IDA only,2015,67.15301313
IDA only,2016,66.67256616
IDA only,2017,66.18349931
IDA only,2018,65.68403008
IDA total,2015,64.38688318
IDA total,2016,63.91412031
IDA total,2017,63.43581932
IDA total,2018,62.94813494
India,2015,67.223
India,2016,66.818
India,2017,66.4
India,2018,65.97
Indonesia,2015,46.687
Indonesia,2016,46.011
Indonesia,2017,45.341
Indonesia,2018,44.675
"Iran, Islamic Rep.",2015,26.642
"Iran, Islamic Rep.",2016,26.12
"Iran, Islamic Rep.",2017,25.606
"Iran, Islamic Rep.",2018,25.102
Iraq,2015,30.079
Iraq,2016,29.906
Iraq,2017,29.722
Iraq,2018,29.527
Ireland,2015,37.462
Ireland,2016,37.263
Ireland,2017,37.053
Ireland,2018,36.83
Isle of Man,2015,47.755
Isle of Man,2016,47.657
Isle of Man,2017,47.542
Isle of Man,2018,47.412
Israel,2015,7.821
Israel,2016,7.744
Israel,2017,7.664
Israel,2018,7.582
Italy,2015,30.435
Italy,2016,30.145
Italy,2017,29.856
Italy,2018,29.562
Jamaica,2015,45.167
Jamaica,2016,44.902
Jamaica,2017,44.622
Jamaica,2018,44.326
Japan,2015,8.619
Japan,2016,8.543
Japan,2017,8.465
Japan,2018,8.384
Jordan,2015,9.744
Jordan,2016,9.494
Jordan,2017,9.253
Jordan,2018,9.021
Kazakhstan,2015,42.809
Kazakhstan,2016,42.736
Kazakhstan,2017,42.664
Kazakhstan,2018,42.572
Kenya,2015,74.342
Kenya,2016,73.895
Kenya,2017,73.438
Kenya,2018,72.97
Kiribati,2015,48.381
Kiribati,2016,47.55
Kiribati,2017,46.738
Kiribati,2018,45.943
"Korea, Dem. People’s Rep.",2015,38.723
"Korea, Dem. People’s Rep.",2016,38.529
"Korea, Dem. People’s Rep.",2017,38.322
"Korea, Dem. People’s Rep.",2018,38.101
"Korea, Rep.",2015,18.366
"Korea, Rep.",2016,18.438
"Korea, Rep.",2017,18.497
"Korea, Rep.",2018,18.541
Kosovo,2015,..
Kosovo,2016,..
Kosovo,2017,..
Kosovo,2018,..
Kuwait,2015,0
Kuwait,2016,0
Kuwait,2017,0
Kuwait,2018,0
Kyrgyz Republic,2015,64.223
Kyrgyz Republic,2016,64.056
Kyrgyz Republic,2017,63.865
Kyrgyz Republic,2018,63.649
Lao PDR,2015,66.892
Lao PDR,2016,66.264
Lao PDR,2017,65.632
Lao PDR,2018,64.996
Late-demographic dividend,2015,40.17742631
Late-demographic dividend,2016,39.29120458
Late-demographic dividend,2017,38.41351789
Late-demographic dividend,2018,37.55490098
Latin America & Caribbean,2015,20.14598697
Latin America & Caribbean,2016,19.89842638
Latin America & Caribbean,2017,19.65594978
Latin America & Caribbean,2018,19.41670901
Latin America & Caribbean (excluding high income),2015,20.35964735
Latin America & Caribbean (excluding high income),2016,20.10109636
Latin America & Caribbean (excluding high income),2017,19.84832247
Latin America & Caribbean (excluding high income),2018,19.5983744
Latin America & the Caribbean (IDA & IBRD countries),2015,20.14990134
Latin America & the Caribbean (IDA & IBRD countries),2016,19.89493855
Latin America & the Caribbean (IDA & IBRD countries),2017,19.6453628
Latin America & the Caribbean (IDA & IBRD countries),2018,19.39858768
Latvia,2015,32.02
Latvia,2016,31.979
Latvia,2017,31.925
Latvia,2018,31.858
Least developed countries: UN classification,2015,67.99873138
Least developed countries: UN classification,2016,67.48148483
Least developed countries: UN classification,2017,66.95946783
Least developed countries: UN classification,2018,66.43193992
Lebanon,2015,11.894
Lebanon,2016,11.734
Lebanon,2017,11.571
Lebanon,2018,11.407
Lesotho,2015,73.092
Lesotho,2016,72.683
Lesotho,2017,72.27
Lesotho,2018,71.847
Liberia,2015,50.18
Liberia,2016,49.746
Liberia,2017,49.303
Liberia,2018,48.849
Libya,2015,20.73
Libya,2016,20.46
Libya,2017,20.183
Libya,2018,19.898
Liechtenstein,2015,85.697
Liechtenstein,2016,85.697
Liechtenstein,2017,85.685
Liechtenstein,2018,85.662
Lithuania,2015,32.77
Lithuania,2016,32.634
Lithuania,2017,32.484
Lithuania,2018,32.321
Low & middle income,2015,51.29733876
Low & middle income,2016,50.7514304
Low & middle income,2017,50.20800204
Low & middle income,2018,49.67215576
Low income,2015,68.7126377
Low income,2016,68.29834873
Low income,2017,67.87100784
Low income,2018,67.42779611
Lower middle income,2015,60.88235441
Lower middle income,2016,60.42681294
Lower middle income,2017,59.96398573
Lower middle income,2018,59.49211022
Luxembourg,2015,9.821
Luxembourg,2016,9.54
Luxembourg,2017,9.273
Luxembourg,2018,9.019
"Macao SAR, China",2015,0
"Macao SAR, China",2016,0
"Macao SAR, China",2017,0
"Macao SAR, China",2018,0
Madagascar,2015,64.807
Madagascar,2016,64.144
Madagascar,2017,63.478
Madagascar,2018,62.809
Malawi,2015,83.687
Malawi,2016,83.494
Malawi,2017,83.286
Malawi,2018,83.063
Malaysia,2015,25.787
Malaysia,2016,25.16
Malaysia,2017,24.553
Malaysia,2018,23.964
Maldives,2015,61.471
Maldives,2016,61.046
Maldives,2017,60.62
Maldives,2018,60.192
Mali,2015,60.009
Mali,2016,59.217
Mali,2017,58.428
Mali,2018,57.644
Malta,2015,5.586
Malta,2016,5.52
Malta,2017,5.454
Malta,2018,5.388
Marshall Islands,2015,24.189
Marshall Islands,2016,23.772
Marshall Islands,2017,23.366
Marshall Islands,2018,22.969
Mauritania,2015,48.911
Mauritania,2016,48.038
Mauritania,2017,47.176
Mauritania,2018,46.328
Mauritius,2015,59
Mauritius,2016,59.09
Mauritius,2017,59.159
Mauritius,2018,59.207
Mexico,2015,20.715
Mexico,2016,20.423
Mexico,2017,20.133
Mexico,2018,19.844
"Micronesia, Fed. Sts.",2015,77.544
"Micronesia, Fed. Sts.",2016,77.474
"Micronesia, Fed. Sts.",2017,77.392
"Micronesia, Fed. Sts.",2018,77.297
Middle East & North Africa,2015,35.62909919
Middle East & North Africa,2016,35.28045249
Middle East & North Africa,2017,34.94742045
Middle East & North Africa,2018,34.62802568
Middle East & North Africa (excluding high income),2015,39.39836945
Middle East & North Africa (excluding high income),2016,39.05831535
Middle East & North Africa (excluding high income),2017,38.72947481
Middle East & North Africa (excluding high income),2018,38.40945248
Middle East & North Africa (IDA & IBRD countries),2015,39.57366219
Middle East & North Africa (IDA & IBRD countries),2016,39.2335949
Middle East & North Africa (IDA & IBRD countries),2017,38.90455177
Middle East & North Africa (IDA & IBRD countries),2018,38.585457
Middle income,2015,49.22613066
Middle income,2016,48.63500175
Middle income,2017,48.04638225
Middle income,2018,47.46574253
Moldova,2015,57.51
Moldova,2016,57.489
Moldova,2017,57.443
Moldova,2018,57.371
Monaco,2015,0
Monaco,2016,0
Monaco,2017,0
Monaco,2018,0
Mongolia,2015,31.77
Mongolia,2016,31.703
Mongolia,2017,31.637
Mongolia,2018,31.555
Montenegro,2015,34.194
Montenegro,2016,33.859
Montenegro,2017,33.523
Montenegro,2018,33.187
Morocco,2015,39.191
Morocco,2016,38.64
Morocco,2017,38.092
Morocco,2018,37.547
Mozambique,2015,65.6
Mozambique,2016,65.074
Mozambique,2017,64.545
Mozambique,2018,64.012
Myanmar,2015,70.142
Myanmar,2016,69.918
Myanmar,2017,69.678
Myanmar,2018,69.421
Namibia,2015,53.1
Namibia,2016,52.039
Namibia,2017,50.995
Namibia,2018,49.968
Nauru,2015,0
Nauru,2016,0
Nauru,2017,0
Nauru,2018,0
Nepal,2015,81.443
Nepal,2016,81.058
Nepal,2017,80.664
Nepal,2018,80.26
Netherlands,2015,9.827
Netherlands,2016,9.365
Netherlands,2017,8.923
Netherlands,2018,8.51
New Caledonia,2015,30.621
New Caledonia,2016,30.179
New Caledonia,2017,29.744
New Caledonia,2018,29.317
New Zealand,2015,13.659
New Zealand,2016,13.6
New Zealand,2017,13.534
New Zealand,2018,13.462
Nicaragua,2015,42.105
Nicaragua,2016,41.91
Nicaragua,2017,41.701
Nicaragua,2018,41.478
Niger,2015,83.753
Niger,2016,83.71
Niger,2017,83.65
Niger,2018,83.575
Nigeria,2015,52.162
Nigeria,2016,51.317
Nigeria,2017,50.481
Nigeria,2018,49.656
North America,2015,18.36690581
North America,2016,18.19123
North America,2017,18.01034664
North America,2018,17.82684516
North Macedonia,2015,42.592
North Macedonia,2016,42.437
North Macedonia,2017,42.252
North Macedonia,2018,42.037
Northern Mariana Islands,2015,8.643
Northern Mariana Islands,2016,8.557
Northern Mariana Islands,2017,8.47
Northern Mariana Islands,2018,8.382
Norway,2015,18.909
Norway,2016,18.515
Norway,2017,18.129
Norway,2018,17.752
Not classified,2015,..
Not classified,2016,..
Not classified,2017,..
Not classified,2018,..
OECD members,2015,19.99039614
OECD members,2016,19.79949788
OECD members,2017,19.60483275
OECD members,2018,19.40669243
Oman,2015,18.65
Oman,2016,17.5
Oman,2017,16.44
Oman,2018,15.461
Other small states,2015,39.40463454
Other small states,2016,38.88200963
Other small states,2017,38.37536451
Other small states,2018,37.88196185
Pacific island small states,2015,61.9587404
Pacific island small states,2016,61.70926426
Pacific island small states,2017,61.46953139
Pacific island small states,2018,61.21865588
Pakistan,2015,63.974
Pakistan,2016,63.766
Pakistan,2017,63.558
Pakistan,2018,63.334
Palau,2015,21.841
Palau,2016,21.225
Palau,2017,20.635
Palau,2018,20.07
Panama,2015,33.304
Panama,2016,32.973
Panama,2017,32.635
Panama,2018,32.291
Papua New Guinea,2015,86.988
Papua New Guinea,2016,86.95
Papua New Guinea,2017,86.898
Papua New Guinea,2018,86.831
Paraguay,2015,39.25
Paraguay,2016,38.974
Paraguay,2017,38.7
Paraguay,2018,38.415
Peru,2015,22.643
Peru,2016,22.461
Peru,2017,22.28
Peru,2018,22.093
Philippines,2015,53.716
Philippines,2016,53.525
Philippines,2017,53.318
Philippines,2018,53.093
Poland,2015,39.722
Poland,2016,39.822
Poland,2017,39.895
Poland,2018,39.942
Portugal,2015,36.486
Portugal,2016,35.914
Portugal,2017,35.348
Portugal,2018,34.789
Post-demographic dividend,2015,19.25403922
Post-demographic dividend,2016,19.07955568
Post-demographic dividend,2017,18.90123382
Post-demographic dividend,2018,18.71930522
Pre-demographic dividend,2015,60.40610987
Pre-demographic dividend,2016,59.8631618
Pre-demographic dividend,2017,59.31918592
Pre-demographic dividend,2018,58.77304849
Puerto Rico,2015,6.376
Puerto Rico,2016,6.398
Puerto Rico,2017,6.413
Puerto Rico,2018,6.422
Qatar,2015,1.055
Qatar,2016,0.985
Qatar,2017,0.922
Qatar,2018,0.865
Romania,2015,46.113
Romania,2016,46.1
Romania,2017,46.064
Romania,2018,46.002
Russian Federation,2015,25.95
Russian Federation,2016,25.836
Russian Federation,2017,25.708
Russian Federation,2018,25.567
Rwanda,2015,82.996
Rwanda,2016,82.944
Rwanda,2017,82.875
Rwanda,2018,82.789
Samoa,2015,81.086
Samoa,2016,81.319
Samoa,2017,81.548
Samoa,2018,81.757
San Marino,2015,3.261
San Marino,2016,3.09
San Marino,2017,2.928
San Marino,2018,2.774
Sao Tome and Principe,2015,29.826
Sao Tome and Principe,2016,28.908
Sao Tome and Principe,2017,28.032
Sao Tome and Principe,2018,27.197
Saudi Arabia,2015,16.82
Saudi Arabia,2016,16.599
Saudi Arabia,2017,16.378
Saudi Arabia,2018,16.156
Senegal,2015,54.138
Senegal,2016,53.704
Senegal,2017,53.26
Senegal,2018,52.808
Serbia,2015,44.304
Serbia,2016,44.19
Serbia,2017,44.058
Serbia,2018,43.908
Seychelles,2015,44.6
Seychelles,2016,44.169
Seychelles,2017,43.739
Seychelles,2018,43.309
Sierra Leone,2015,59.171
Sierra Leone,2016,58.772
Sierra Leone,2017,58.364
Sierra Leone,2018,57.945
Singapore,2015,0
Singapore,2016,0
Singapore,2017,0
Singapore,2018,0
Sint Maarten (Dutch part),2015,0
Sint Maarten (Dutch part),2016,0
Sint Maarten (Dutch part),2017,0
Sint Maarten (Dutch part),2018,0
Slovak Republic,2015,46.111
Slovak Republic,2016,46.194
Slovak Republic,2017,46.249
Slovak Republic,2018,46.274
Slovenia,2015,46.219
Slovenia,2016,45.98
Slovenia,2017,45.727
Slovenia,2018,45.459
Small states,2015,42.62278523
Small states,2016,42.1664142
Small states,2017,41.71812057
Small states,2018,41.27557593
Solomon Islands,2015,77.64
Solomon Islands,2016,77.177
Solomon Islands,2017,76.714
Solomon Islands,2018,76.251
Somalia,2015,56.755
Somalia,2016,56.184
Somalia,2017,55.609
Somalia,2018,55.029
South Africa,2015,35.172
South Africa,2016,34.659
South Africa,2017,34.15
South Africa,2018,33.645
South Asia,2015,67.26243871
South Asia,2016,66.85367491
South Asia,2017,66.43586286
South Asia,2018,66.00763875
South Asia (IDA & IBRD),2015,67.26243871
South Asia (IDA & IBRD),2016,66.85367491
South Asia (IDA & IBRD),2017,66.43586286
South Asia (IDA & IBRD),2018,66.00763875
South Sudan,2015,81.148
South Sudan,2016,80.908
South Sudan,2017,80.654
South Sudan,2018,80.385
Spain,2015,20.398
Spain,2016,20.16
Spain,2017,19.92
Spain,2018,19.679
Sri Lanka,2015,81.744
Sri Lanka,2016,81.689
Sri Lanka,2017,81.616
Sri Lanka,2018,81.524
St. Kitts and Nevis,2015,69.173
St. Kitts and Nevis,2016,69.21
St. Kitts and Nevis,2017,69.227
St. Kitts and Nevis,2018,69.224
St. Lucia,2015,81.485
St. Lucia,2016,81.442
St. Lucia,2017,81.388
St. Lucia,2018,81.322
St. Martin (French part),2015,..
St. Martin (French part),2016,..
St. Martin (French part),2017,..
St. Martin (French part),2018,..
St. Vincent and the Grenadines,2015,49.036
St. Vincent and the Grenadines,2016,48.627
St. Vincent and the Grenadines,2017,48.216
St. Vincent and the Grenadines,2018,47.802
Sub-Saharan Africa,2015,61.40892726
Sub-Saharan Africa,2016,60.88383539
Sub-Saharan Africa,2017,60.35533799
Sub-Saharan Africa,2018,59.82317663
Sub-Saharan Africa (excluding high income),2015,61.41050485
Sub-Saharan Africa (excluding high income),2016,60.88538318
Sub-Saharan Africa (excluding high income),2017,60.35685463
Sub-Saharan Africa (excluding high income),2018,59.82465866
Sub-Saharan Africa (IDA & IBRD countries),2015,61.40892726
Sub-Saharan Africa (IDA & IBRD countries),2016,60.88383539
Sub-Saharan Africa (IDA & IBRD countries),2017,60.35533799
Sub-Saharan Africa (IDA & IBRD countries),2018,59.82317663
Sudan,2015,66.106
Sudan,2016,65.879
Sudan,2017,65.63
Sudan,2018,65.358
Suriname,2015,33.944
Suriname,2016,33.96
Suriname,2017,33.959
Suriname,2018,33.94
Sweden,2015,13.447
Sweden,2016,13.148
Sweden,2017,12.854
Sweden,2018,12.569
Switzerland,2015,26.282
Switzerland,2016,26.261
Switzerland,2017,26.239
Switzerland,2018,26.203
Syrian Arab Republic,2015,47.832
Syrian Arab Republic,2016,47.165
Syrian Arab Republic,2017,46.5
Syrian Arab Republic,2018,45.838
Tajikistan,2015,73.258
Tajikistan,2016,73.149
Tajikistan,2017,73.018
Tajikistan,2018,72.866
Tanzania,2015,68.383
Tanzania,2016,67.667
Tanzania,2017,66.947
Tanzania,2018,66.224
Thailand,2015,52.306
Thailand,2016,51.552
Thailand,2017,50.8
Thailand,2018,50.051
Timor-Leste,2015,70.51
Timor-Leste,2016,70.15
Timor-Leste,2017,69.788
Timor-Leste,2018,69.422
Togo,2015,59.9
Togo,2016,59.372
Togo,2017,58.838
Togo,2018,58.298
Tonga,2015,76.725
Tonga,2016,76.778
Tonga,2017,76.831
Tonga,2018,76.869
Trinidad and Tobago,2015,46.681
Trinidad and Tobago,2016,46.75
Trinidad and Tobago,2017,46.795
Trinidad and Tobago,2018,46.816
Tunisia,2015,31.944
Tunisia,2016,31.654
Tunisia,2017,31.358
Tunisia,2018,31.055
Turkey,2015,26.389
Turkey,2016,25.866
Turkey,2017,25.356
Turkey,2018,24.857
Turkmenistan,2015,49.683
Turkmenistan,2016,49.272
Turkmenistan,2017,48.847
Turkmenistan,2018,48.407
Turks and Caicos Islands,2015,7.805
Turks and Caicos Islands,2016,7.483
Turks and Caicos Islands,2017,7.183
Turks and Caicos Islands,2018,6.902
Tuvalu,2015,40.27
Tuvalu,2016,39.355
Tuvalu,2017,38.47
Tuvalu,2018,37.613
Uganda,2015,77.94
Uganda,2016,77.376
Uganda,2017,76.804
Uganda,2018,76.226
Ukraine,2015,30.939
Ukraine,2016,30.846
Ukraine,2017,30.754
Ukraine,2018,30.648
United Arab Emirates,2015,14.326
United Arab Emirates,2016,14.035
United Arab Emirates,2017,13.752
United Arab Emirates,2018,13.478
United Kingdom,2015,17.374
United Kingdom,2016,17.114
United Kingdom,2017,16.857
United Kingdom,2018,16.602
United States,2015,18.329
United States,2016,18.138
United States,2017,17.942
United States,2018,17.744
Upper middle income,2015,36.21342194
Upper middle income,2016,35.38344101
Upper middle income,2017,34.56638426
Upper middle income,2018,33.7666317
Uruguay,2015,4.955
Uruguay,2016,4.856
Uruguay,2017,4.76
Uruguay,2018,4.666
Uzbekistan,2015,49.25
Uzbekistan,2016,49.35
Uzbekistan,2017,49.45
Uzbekistan,2018,49.522
Vanuatu,2015,75.039
Vanuatu,2016,74.938
Vanuatu,2017,74.837
Vanuatu,2018,74.726
"Venezuela, RB",2015,11.846
"Venezuela, RB",2016,11.835
"Venezuela, RB",2017,11.817
"Venezuela, RB",2018,11.792
Vietnam,2015,66.191
Vietnam,2016,65.49
Vietnam,2017,64.787
Vietnam,2018,64.081
Virgin Islands (U.S.),2015,4.65
Virgin Islands (U.S.),2016,4.52
Virgin Islands (U.S.),2017,4.397
Virgin Islands (U.S.),2018,4.279
West Bank and Gaza,2015,24.632
West Bank and Gaza,2016,24.372
West Bank and Gaza,2017,24.106
West Bank and Gaza,2018,23.836
World,2015,46.0866268
World,2016,45.6303548
World,2017,45.17775826
World,2018,44.72942145
"Yemen, Rep.",2015,65.223
"Yemen, Rep.",2016,64.606
"Yemen, Rep.",2017,63.984
"Yemen, Rep.",2018,63.358
Zambia,2015,58.093
Zambia,2016,57.562
Zambia,2017,57.024
Zambia,2018,56.479
Zimbabwe,2015,67.615
Zimbabwe,2016,67.704
Zimbabwe,2017,67.763
Zimbabwe,2018,67.791