Country Name,Year,"2015 Total reserves (includes gold, current US$)"
Afghanistan,2015,6976966154
Afghanistan,2016,7281910524
Afghanistan,2017,8097280956
Afghanistan,2018,8206682106
Albania,2015,3138517990
Albania,2016,3108607052
Albania,2017,3588583657
Albania,2018,3893560031
Algeria,2015,150595236895
Algeria,2016,120788088861
Algeria,2017,104852543743
Algeria,2018,87382910154
American Samoa,2015,..
American Samoa,2016,..
American Samoa,2017,..
American Samoa,2018,..
Andorra,2015,..
Andorra,2016,..
Andorra,2017,..
Andorra,2018,..
Angola,2015,23790543425
Angola,2016,23672191989
Angola,2017,17455327771
Angola,2018,15410405365
Antigua and Barbuda,2015,355728253.4
Antigua and Barbuda,2016,330090979.3
Antigua and Barbuda,2017,313645370.8
Antigua and Barbuda,2018,328659747.5
Arab World,2015,..
Arab World,2016,..
Arab World,2017,..
Arab World,2018,..
Argentina,2015,25520565580
Argentina,2016,38414518492
Argentina,2017,55314409205
Argentina,2018,66221501691
Armenia,2015,1775293494
Armenia,2016,2204113991
Armenia,2017,2314113951
Armenia,2018,2259321869
Aruba,2015,815800560
Aruba,2016,922550890
Aruba,2017,907111452.5
Aruba,2018,980247680
Australia,2015,45712035071
Australia,2016,53555791523
Australia,2017,66597718118
Australia,2018,53880533420
Austria,2015,22239731668
Austria,2016,23255493381
Austria,2017,21565331649
Austria,2018,23190665221
Azerbaijan,2015,7319394112
Azerbaijan,2016,6573862903
Azerbaijan,2017,6680532217
Azerbaijan,2018,6665989936
"Bahamas, The",2015,895475136.3
"Bahamas, The",2016,1001933945
"Bahamas, The",2017,1413972941
"Bahamas, The",2018,..
Bahrain,2015,3546207932
Bahrain,2016,2611989314
Bahrain,2017,2823123079
Bahrain,2018,2334278370
Bangladesh,2015,27493077972
Bangladesh,2016,32283838539
Bangladesh,2017,33431482893
Bangladesh,2018,32028383717
Barbados,2015,553604323.9
Barbados,2016,431758242
Barbados,2017,..
Barbados,2018,..
Belarus,2015,4172797260
Belarus,2016,4907608003
Belarus,2017,7315236709
Belarus,2018,7157559690
Belgium,2015,24101851039
Belgium,2016,23480922147
Belgium,2017,26151437584
Belgium,2018,26856799009
Belize,2015,437151657.9
Belize,2016,376735092.7
Belize,2017,312140148.2
Belize,2018,294468435.1
Benin,2015,..
Benin,2016,..
Benin,2017,..
Benin,2018,..
Bermuda,2015,..
Bermuda,2016,..
Bermuda,2017,..
Bermuda,2018,..
Bhutan,2015,1103179129
Bhutan,2016,1127277332
Bhutan,2017,1206238191
Bhutan,2018,987247035.6
Bolivia,2015,13049620686
Bolivia,2016,10053627485
Bolivia,2017,10245969450
Bolivia,2018,8929614183
Bosnia and Herzegovina,2015,4790984891
Bosnia and Herzegovina,2016,5136418168
Bosnia and Herzegovina,2017,6473729519
Bosnia and Herzegovina,2018,6808433501
Botswana,2015,7546144960
Botswana,2016,7188821775
Botswana,2017,7490512373
Botswana,2018,6656913638
Brazil,2015,356464980327
Brazil,2016,364984039092
Brazil,2017,373955518686
Brazil,2018,374709673448
British Virgin Islands,2015,..
British Virgin Islands,2016,..
British Virgin Islands,2017,..
British Virgin Islands,2018,..
Brunei Darussalam,2015,3366322585
Brunei Darussalam,2016,3487053369
Brunei Darussalam,2017,3488124300
Brunei Darussalam,2018,3407126455
Bulgaria,2015,22153050489
Bulgaria,2016,25176065816
Bulgaria,2017,28375830876
Bulgaria,2018,28711039865
Burkina Faso,2015,..
Burkina Faso,2016,..
Burkina Faso,2017,..
Burkina Faso,2018,..
Burundi,2015,136134382.2
Burundi,2016,95158477.53
Burundi,2017,97402580.43
Burundi,2018,68126200.77
Cabo Verde,2015,494495560.7
Cabo Verde,2016,572736752.5
Cabo Verde,2017,617362329.8
Cabo Verde,2018,606430600.3
Cambodia,2015,7306761263
Cambodia,2016,8851524981
Cambodia,2017,11780356004
Cambodia,2018,13885663251
Cameroon,2015,3536255066
Cameroon,2016,2225708778
Cameroon,2017,3196791411
Cameroon,2018,3459329761
Canada,2015,79753521150
Canada,2016,82718110858
Canada,2017,86677706697
Canada,2018,83925602808
Caribbean small states,2015,..
Caribbean small states,2016,..
Caribbean small states,2017,..
Caribbean small states,2018,..
Cayman Islands,2015,..
Cayman Islands,2016,..
Cayman Islands,2017,..
Cayman Islands,2018,162073506
Central African Republic,2015,213800567.3
Central African Republic,2016,239797985.5
Central African Republic,2017,362717270.5
Central African Republic,2018,361797180.3
Central Europe and the Baltics,2015,..
Central Europe and the Baltics,2016,..
Central Europe and the Baltics,2017,..
Central Europe and the Baltics,2018,..
Chad,2015,368916823.8
Chad,2016,8184292.088
Chad,2017,8575237.415
Chad,2018,147750165.9
Channel Islands,2015,..
Channel Islands,2016,..
Channel Islands,2017,..
Channel Islands,2018,..
Chile,2015,38641176606
Chile,2016,40493293730
Chile,2017,38981539754
Chile,2018,39858824175
China,2015,3405253363888
China,2016,3097658421378
China,2017,3235681607213
China,2018,3168216331199
Colombia,2015,46222893469
Colombia,2016,46173772893
Colombia,2017,47131104747
Colombia,2018,47887623364
Comoros,2015,200562427.7
Comoros,2016,159412124.1
Comoros,2017,207879895.5
Comoros,2018,199213183.3
"Congo, Dem. Rep.",2015,1215934551
"Congo, Dem. Rep.",2016,708160749.2
"Congo, Dem. Rep.",2017,695398162
"Congo, Dem. Rep.",2018,665272095
"Congo, Rep.",2015,2221497219
"Congo, Rep.",2016,714352000.8
"Congo, Rep.",2017,379984138.8
"Congo, Rep.",2018,423617388.3
Costa Rica,2015,7833931555
Costa Rica,2016,7573806768
Costa Rica,2017,7149834514
Costa Rica,2018,7500924411
Cote d'Ivoire,2015,..
Cote d'Ivoire,2016,..
Cote d'Ivoire,2017,..
Cote d'Ivoire,2018,..
Croatia,2015,14966894623
Croatia,2016,14244345198
Croatia,2017,18818215999
Croatia,2018,19991304928
Cuba,2015,..
Cuba,2016,..
Cuba,2017,..
Cuba,2018,..
Curacao,2015,..
Curacao,2016,..
Curacao,2017,..
Curacao,2018,..
Cyprus,2015,807868870.8
Cyprus,2016,812488586
Cyprus,2017,887692448.7
Cyprus,2018,924201541.5
Czech Republic,2015,64490290734
Czech Republic,2016,85725304288
Czech Republic,2017,147976372277
Czech Republic,2018,142511752520
Denmark,2015,65185093406
Denmark,2016,64215805620
Denmark,2017,75244445866
Denmark,2018,70942078374
Djibouti,2015,364857284.1
Djibouti,2016,407414266.7
Djibouti,2017,556097628.9
Djibouti,2018,454193909.7
Dominica,2015,126225919.3
Dominica,2016,221907763.5
Dominica,2017,212292574.6
Dominica,2018,191323608.3
Dominican Republic,2015,5266043354
Dominican Republic,2016,6134227407
Dominican Republic,2017,6872905749
Dominican Republic,2018,7717561574
Early-demographic dividend,2015,..
Early-demographic dividend,2016,..
Early-demographic dividend,2017,..
Early-demographic dividend,2018,..
East Asia & Pacific,2015,..
East Asia & Pacific,2016,..
East Asia & Pacific,2017,..
East Asia & Pacific,2018,..
East Asia & Pacific (excluding high income),2015,..
East Asia & Pacific (excluding high income),2016,..
East Asia & Pacific (excluding high income),2017,..
East Asia & Pacific (excluding high income),2018,..
East Asia & Pacific (IDA & IBRD countries),2015,..
East Asia & Pacific (IDA & IBRD countries),2016,..
East Asia & Pacific (IDA & IBRD countries),2017,..
East Asia & Pacific (IDA & IBRD countries),2018,..
Ecuador,2015,2487276600
Ecuador,2016,4215553160
Ecuador,2017,2169697857
Ecuador,2018,2158694032
"Egypt, Arab Rep.",2015,15858887326
"Egypt, Arab Rep.",2016,23642691706
"Egypt, Arab Rep.",2017,36400242556
"Egypt, Arab Rep.",2018,41839242991
El Salvador,2015,2786587496
El Salvador,2016,3238334349
El Salvador,2017,3567268276
El Salvador,2018,3568810598
Equatorial Guinea,2015,1205154516
Equatorial Guinea,2016,62307444.14
Equatorial Guinea,2017,45502925.11
Equatorial Guinea,2018,48929813.61
Eritrea,2015,..
Eritrea,2016,..
Eritrea,2017,..
Eritrea,2018,..
Estonia,2015,414798362.4
Estonia,2016,352140743.4
Estonia,2017,345036507.9
Estonia,2018,755005588.3
Eswatini,2015,547997264.1
Eswatini,2016,564314115.6
Eswatini,2017,563119751.3
Eswatini,2018,440685903
Ethiopia,2015,3835287576
Ethiopia,2016,3030943951
Ethiopia,2017,3045571315
Ethiopia,2018,3987464166
Euro area,2015,701552553008
Euro area,2016,741790800991
Euro area,2017,802685567837
Euro area,2018,822526232329
Europe & Central Asia,2015,..
Europe & Central Asia,2016,..
Europe & Central Asia,2017,..
Europe & Central Asia,2018,..
Europe & Central Asia (excluding high income),2015,..
Europe & Central Asia (excluding high income),2016,..
Europe & Central Asia (excluding high income),2017,..
Europe & Central Asia (excluding high income),2018,..
Europe & Central Asia (IDA & IBRD countries),2015,..
Europe & Central Asia (IDA & IBRD countries),2016,..
Europe & Central Asia (IDA & IBRD countries),2017,..
Europe & Central Asia (IDA & IBRD countries),2018,..
European Union,2015,..
European Union,2016,..
European Union,2017,..
European Union,2018,..
Faroe Islands,2015,..
Faroe Islands,2016,..
Faroe Islands,2017,..
Faroe Islands,2018,..
Fiji,2015,918959350.4
Fiji,2016,908823039.8
Fiji,2017,1116363704
Fiji,2018,947653331.9
Finland,2015,10016275637
Finland,2016,10465361380
Finland,2017,10506846392
Finland,2018,10309164187
Fragile and conflict affected situations,2015,..
Fragile and conflict affected situations,2016,..
Fragile and conflict affected situations,2017,..
Fragile and conflict affected situations,2018,..
France,2015,138198984338
France,2016,145866068770
France,2017,156322431109
France,2018,166483400197
French Polynesia,2015,..
French Polynesia,2016,..
French Polynesia,2017,..
French Polynesia,2018,..
Gabon,2015,1863120981
Gabon,2016,789346604.5
Gabon,2017,965054219.2
Gabon,2018,1321051089
"Gambia, The",2015,111040203.2
"Gambia, The",2016,87635582.42
"Gambia, The",2017,169969976.5
"Gambia, The",2018,191773261
Georgia,2015,2520721328
Georgia,2016,2756383663
Georgia,2017,3038762324
Georgia,2018,3289463517
Germany,2015,173730930555
Germany,2016,184031339953
Germany,2017,199983070124
Germany,2018,198027061675
Ghana,2015,5742645886
Ghana,2016,5866729596
Ghana,2017,7015187160
Ghana,2018,6294851564
Gibraltar,2015,..
Gibraltar,2016,..
Gibraltar,2017,..
Gibraltar,2018,..
Greece,2015,6027606781
Greece,2016,6851247713
Greece,2017,7803722132
Greece,2018,7578500699
Greenland,2015,..
Greenland,2016,..
Greenland,2017,..
Greenland,2018,..
Grenada,2015,197973503.3
Grenada,2016,207689282.8
Grenada,2017,199125887.3
Grenada,2018,233815853.8
Guam,2015,..
Guam,2016,..
Guam,2017,..
Guam,2018,..
Guatemala,2015,7745916506
Guatemala,2016,9152627961
Guatemala,2017,11765104231
Guatemala,2018,12583121642
Guinea,2015,654251935.8
Guinea,2016,803901252.9
Guinea,2017,942834196.9
Guinea,2018,1224990168
Guinea-Bissau,2015,..
Guinea-Bissau,2016,..
Guinea-Bissau,2017,..
Guinea-Bissau,2018,..
Guyana,2015,531887027.9
Guyana,2016,580981472.7
Guyana,2017,565363504.4
Guyana,2018,518509369.5
Haiti,2015,1977646797
Haiti,2016,2174226509
Haiti,2017,2410456439
Haiti,2018,2370915012
Heavily indebted poor countries (HIPC),2015,..
Heavily indebted poor countries (HIPC),2016,..
Heavily indebted poor countries (HIPC),2017,..
Heavily indebted poor countries (HIPC),2018,..
High income,2015,..
High income,2016,..
High income,2017,..
High income,2018,..
Honduras,2015,3754254626
Honduras,2016,3813545536
Honduras,2017,4708097401
Honduras,2018,4769082162
"Hong Kong SAR, China",2015,358772789815
"Hong Kong SAR, China",2016,386293451175
"Hong Kong SAR, China",2017,431441967071
"Hong Kong SAR, China",2018,424619925347
Hungary,2015,33124288326
Hungary,2016,25824253667
Hungary,2017,28002680652
Hungary,2018,31366581856
IBRD only,2015,..
IBRD only,2016,..
IBRD only,2017,..
IBRD only,2018,..
Iceland,2015,5040573412
Iceland,2016,7225621330
Iceland,2017,6566175920
Iceland,2018,6321213332
IDA & IBRD total,2015,..
IDA & IBRD total,2016,..
IDA & IBRD total,2017,..
IDA & IBRD total,2018,..
IDA blend,2015,..
IDA blend,2016,..
IDA blend,2017,..
IDA blend,2018,..
IDA only,2015,..
IDA only,2016,..
IDA only,2017,..
IDA only,2018,..
IDA total,2015,..
IDA total,2016,..
IDA total,2017,..
IDA total,2018,..
India,2015,353319061013
India,2016,361694321972
India,2017,412613792020
India,2018,399167159227
Indonesia,2015,105928847089
Indonesia,2016,116369601851
Indonesia,2017,130215330383
Indonesia,2018,120660974091
"Iran, Islamic Rep.",2015,..
"Iran, Islamic Rep.",2016,..
"Iran, Islamic Rep.",2017,..
"Iran, Islamic Rep.",2018,..
Iraq,2015,53992019679
Iraq,2016,45298562241
Iraq,2017,49315419400
Iraq,2018,64719421423
Ireland,2015,2203153449
Ireland,2016,3589332627
Ireland,2017,4412516407
Ireland,2018,5222681913
Isle of Man,2015,..
Isle of Man,2016,..
Isle of Man,2017,..
Isle of Man,2018,..
Israel,2015,90575018408
Israel,2016,95446290282
Israel,2017,113009532488
Israel,2018,115265900521
Italy,2015,130592432980
Italy,2016,135133283787
Italy,2017,151120440050
Italy,2018,152361936422
Jamaica,2015,2913835196
Jamaica,2016,3291468022
Jamaica,2017,3781167558
Jamaica,2018,3532039680
Japan,2015,1233097790282
Japan,2016,1216518779920
Japan,2017,1264140980384
Japan,2018,1270467038787
Jordan,2015,16571894983
Jordan,2016,15543454210
Jordan,2017,..
Jordan,2018,..
Kazakhstan,2015,27854795819
Kazakhstan,2016,29603056785
Kazakhstan,2017,30746770568
Kazakhstan,2018,30976612439
Kenya,2015,7548439567
Kenya,2016,7600553137
Kenya,2017,7353448764
Kenya,2018,8196864888
Kiribati,2015,..
Kiribati,2016,..
Kiribati,2017,..
Kiribati,2018,..
"Korea, Dem. People’s Rep.",2015,..
"Korea, Dem. People’s Rep.",2016,..
"Korea, Dem. People’s Rep.",2017,..
"Korea, Dem. People’s Rep.",2018,..
"Korea, Rep.",2015,366707257929
"Korea, Rep.",2016,370154204333
"Korea, Rep.",2017,388804901514
"Korea, Rep.",2018,403082233386
Kosovo,2015,770550134.5
Kosovo,2016,637797614.5
Kosovo,2017,819582674.4
Kosovo,2018,881167306.2
Kuwait,2015,30960893268
Kuwait,2016,33936274928
Kuwait,2017,36889754717
Kuwait,2018,40282453060
Kyrgyz Republic,2015,1777941002
Kyrgyz Republic,2016,1967811283
Kyrgyz Republic,2017,2177013757
Kyrgyz Republic,2018,2156976620
Lao PDR,2015,1054417338
Lao PDR,2016,879517059.1
Lao PDR,2017,1271083415
Lao PDR,2018,980441052.9
Late-demographic dividend,2015,..
Late-demographic dividend,2016,..
Late-demographic dividend,2017,..
Late-demographic dividend,2018,..
Latin America & Caribbean,2015,..
Latin America & Caribbean,2016,..
Latin America & Caribbean,2017,..
Latin America & Caribbean,2018,..
Latin America & Caribbean (excluding high income),2015,..
Latin America & Caribbean (excluding high income),2016,..
Latin America & Caribbean (excluding high income),2017,..
Latin America & Caribbean (excluding high income),2018,..
Latin America & the Caribbean (IDA & IBRD countries),2015,..
Latin America & the Caribbean (IDA & IBRD countries),2016,..
Latin America & the Caribbean (IDA & IBRD countries),2017,..
Latin America & the Caribbean (IDA & IBRD countries),2018,..
Latvia,2015,3445996161
Latvia,2016,3511946855
Latvia,2017,4613455661
Latvia,2018,4370730736
Least developed countries: UN classification,2015,..
Least developed countries: UN classification,2016,..
Least developed countries: UN classification,2017,..
Least developed countries: UN classification,2018,..
Lebanon,2015,48531390537
Lebanon,2016,53905512886
Lebanon,2017,55411532096
Lebanon,2018,52380608542
Lesotho,2015,997431660
Lesotho,2016,925195318.8
Lesotho,2017,657668309.3
Lesotho,2018,728527650
Liberia,2015,574780752.7
Liberia,2016,595040802.5
Liberia,2017,600732858.6
Liberia,2018,560299001.8
Libya,2015,77649594284
Libya,2016,70191441969
Libya,2017,79417877682
Libya,2018,85335649782
Liechtenstein,2015,..
Liechtenstein,2016,..
Liechtenstein,2017,..
Liechtenstein,2018,..
Lithuania,2015,1697150154
Lithuania,2016,2599864855
Lithuania,2017,4449678813
Lithuania,2018,5770956097
Low & middle income,2015,..
Low & middle income,2016,..
Low & middle income,2017,..
Low & middle income,2018,..
Low income,2015,..
Low income,2016,..
Low income,2017,..
Low income,2018,..
Lower middle income,2015,..
Lower middle income,2016,..
Lower middle income,2017,..
Lower middle income,2018,..
Luxembourg,2015,770747330.4
Luxembourg,2016,973176553.1
Luxembourg,2017,878080634.3
Luxembourg,2018,938890223.6
"Macao SAR, China",2015,18890787008
"Macao SAR, China",2016,19491696000
"Macao SAR, China",2017,20169663000
"Macao SAR, China",2018,20281241000
Madagascar,2015,832008813.4
Madagascar,2016,1183690792
Madagascar,2017,1600175022
Madagascar,2018,1739588290
Malawi,2015,678760478.3
Malawi,2016,608344217.6
Malawi,2017,770431046.2
Malawi,2018,759614761.9
Malaysia,2015,95282342268
Malaysia,2016,94481267074
Malaysia,2017,102446599681
Malaysia,2018,101452531755
Maldives,2015,575758077.4
Maldives,2016,477936678.6
Maldives,2017,598201001.7
Maldives,2018,722068698.8
Mali,2015,..
Mali,2016,..
Mali,2017,..
Mali,2018,..
Malta,2015,571697422.7
Malta,2016,677039187.8
Malta,2017,832991850.8
Malta,2018,1024613729
Marshall Islands,2015,..
Marshall Islands,2016,..
Marshall Islands,2017,..
Marshall Islands,2018,..
Mauritania,2015,822269358.3
Mauritania,2016,848467104.5
Mauritania,2017,873822720.9
Mauritania,2018,934291833.8
Mauritius,2015,4259691508
Mauritius,2016,4962069842
Mauritius,2017,5984338262
Mauritius,2018,6353096296
Mexico,2015,177596632553
Mexico,2016,177973637255
Mexico,2017,175469669184
Mexico,2018,176390278596
"Micronesia, Fed. Sts.",2015,135114898.3
"Micronesia, Fed. Sts.",2016,156984836.4
"Micronesia, Fed. Sts.",2017,203718873.5
"Micronesia, Fed. Sts.",2018,203528219.2
Middle East & North Africa,2015,..
Middle East & North Africa,2016,..
Middle East & North Africa,2017,..
Middle East & North Africa,2018,..
Middle East & North Africa (excluding high income),2015,..
Middle East & North Africa (excluding high income),2016,..
Middle East & North Africa (excluding high income),2017,..
Middle East & North Africa (excluding high income),2018,..
Middle East & North Africa (IDA & IBRD countries),2015,..
Middle East & North Africa (IDA & IBRD countries),2016,..
Middle East & North Africa (IDA & IBRD countries),2017,..
Middle East & North Africa (IDA & IBRD countries),2018,..
Middle income,2015,..
Middle income,2016,..
Middle income,2017,..
Middle income,2018,..
Moldova,2015,1756772270
Moldova,2016,2205927463
Moldova,2017,2803268842
Moldova,2018,2995238116
Monaco,2015,..
Monaco,2016,..
Monaco,2017,..
Monaco,2018,..
Mongolia,2015,1322495173
Mongolia,2016,1304118724
Mongolia,2017,3016698322
Mongolia,2018,3549666962
Montenegro,2015,681662465.3
Montenegro,2016,793838337.2
Montenegro,2017,1016162257
Montenegro,2018,1202727765
Morocco,2015,22749566244
Morocco,2016,25096263444
Morocco,2017,26189585939
Morocco,2018,24461023093
Mozambique,2015,2581229792
Mozambique,2016,2183206658
Mozambique,2017,3361066044
Mozambique,2018,3257710292
Myanmar,2015,4598610942
Myanmar,2016,4886384704
Myanmar,2017,5213962531
Myanmar,2018,5646407387
Namibia,2015,1688180787
Namibia,2016,1833673822
Namibia,2017,2432221196
Namibia,2018,2149916908
Nauru,2015,..
Nauru,2016,..
Nauru,2017,..
Nauru,2018,..
Nepal,2015,8145463908
Nepal,2016,8734510299
Nepal,2017,9435255967
Nepal,2018,8335473017
Netherlands,2015,38213751383
Netherlands,2016,35905772878
Netherlands,2017,38421990800
Netherlands,2018,38431677255
New Caledonia,2015,..
New Caledonia,2016,..
New Caledonia,2017,..
New Caledonia,2018,..
New Zealand,2015,14699798263
New Zealand,2016,17808384490
New Zealand,2017,20683740691
New Zealand,2018,17656593020
Nicaragua,2015,2492262792
Nicaragua,2016,2447771382
Nicaragua,2017,2757785587
Nicaragua,2018,2261143360
Niger,2015,..
Niger,2016,..
Niger,2017,..
Niger,2018,..
Nigeria,2015,29011450144
Nigeria,2016,28020197619
Nigeria,2017,40499220796
Nigeria,2018,42838869125
North America,2015,..
North America,2016,..
North America,2017,..
North America,2018,..
North Macedonia,2015,2470701360
North Macedonia,2016,2751929521
North Macedonia,2017,2801853318
North Macedonia,2018,3284003547
Northern Mariana Islands,2015,..
Northern Mariana Islands,2016,..
Northern Mariana Islands,2017,..
Northern Mariana Islands,2018,..
Norway,2015,57455936482
Norway,2016,60445172370
Norway,2017,65923863904
Norway,2018,63145471060
Not classified,2015,..
Not classified,2016,..
Not classified,2017,..
Not classified,2018,..
OECD members,2015,..
OECD members,2016,..
OECD members,2017,..
OECD members,2018,..
Oman,2015,17543980313
Oman,2016,20262241805
Oman,2017,16088803823
Oman,2018,17388370607
Other small states,2015,..
Other small states,2016,..
Other small states,2017,..
Other small states,2018,..
Pacific island small states,2015,..
Pacific island small states,2016,..
Pacific island small states,2017,..
Pacific island small states,2018,..
Pakistan,2015,20027864211
Pakistan,2016,22027605270
Pakistan,2017,18455861310
Pakistan,2018,11837177726
Palau,2015,..
Palau,2016,..
Palau,2017,..
Palau,2018,..
Panama,2015,3378098354
Panama,2016,3846753359
Panama,2017,2703336162
Panama,2018,2121303718
Papua New Guinea,2015,1758569680
Papua New Guinea,2016,1679928638
Papua New Guinea,2017,1761946839
Papua New Guinea,2018,2239395527
Paraguay,2015,5938523047
Paraguay,2016,6880868044
Paraguay,2017,7877536166
Paraguay,2018,7738519106
Peru,2015,61594854512
Peru,2016,61801163820
Peru,2017,63819289817
Peru,2018,60333192024
Philippines,2015,80640411491
Philippines,2016,80666223157
Philippines,2017,81413504334
Philippines,2018,79195598850
Poland,2015,94902630299
Poland,2016,114328539233
Poland,2017,113267368075
Poland,2018,116956636328
Portugal,2015,19402623792
Portugal,2016,24989773865
Portugal,2017,26096701287
Portugal,2018,24920338987
Post-demographic dividend,2015,..
Post-demographic dividend,2016,..
Post-demographic dividend,2017,..
Post-demographic dividend,2018,..
Pre-demographic dividend,2015,..
Pre-demographic dividend,2016,..
Pre-demographic dividend,2017,..
Pre-demographic dividend,2018,..
Puerto Rico,2015,..
Puerto Rico,2016,..
Puerto Rico,2017,..
Puerto Rico,2018,..
Qatar,2015,37257529105
Qatar,2016,31887349773
Qatar,2017,15007730965
Qatar,2018,30358280804
Romania,2015,38700983241
Romania,2016,39953479393
Romania,2017,44429296937
Romania,2018,42129061938
Russian Federation,2015,368042950259
Russian Federation,2016,377052204308
Russian Federation,2017,432730507964
Russian Federation,2018,468645216083
Rwanda,2015,917498055.1
Rwanda,2016,1013356070
Rwanda,2017,1178765818
Rwanda,2018,1238058758
Samoa,2015,122492837.1
Samoa,2016,99306837.96
Samoa,2017,130979553
Samoa,2018,169944547.6
San Marino,2015,378976114
San Marino,2016,450983493.5
San Marino,2017,359230311.9
San Marino,2018,338957476.9
Sao Tome and Principe,2015,72864704.99
Sao Tome and Principe,2016,63203006.42
Sao Tome and Principe,2017,58950229.5
Sao Tome and Principe,2018,43683545.12
Saudi Arabia,2015,626989686478
Saudi Arabia,2016,547266635919
Saudi Arabia,2017,509457096430
Saudi Arabia,2018,509468527336
Senegal,2015,..
Senegal,2016,..
Senegal,2017,..
Senegal,2018,..
Serbia,2015,11344953319
Serbia,2016,10748918413
Serbia,2017,11906315333
Serbia,2018,12874374087
Seychelles,2015,536145674.4
Seychelles,2016,523503786.9
Seychelles,2017,545203276.4
Seychelles,2018,549521831.7
Sierra Leone,2015,579013520.6
Sierra Leone,2016,497242646.7
Sierra Leone,2017,549121050.9
Sierra Leone,2018,502557290.9
Singapore,2015,251875782495
Singapore,2016,251058293462
Singapore,2017,285000274600
Singapore,2018,292715632357
Sint Maarten (Dutch part),2015,..
Sint Maarten (Dutch part),2016,..
Sint Maarten (Dutch part),2017,..
Sint Maarten (Dutch part),2018,..
Slovak Republic,2015,2892029440
Slovak Republic,2016,2879889590
Slovak Republic,2017,3620878541
Slovak Republic,2018,5229297355
Slovenia,2015,856213889
Slovenia,2016,742060176.1
Slovenia,2017,889788337.7
Slovenia,2018,933092542
Small states,2015,..
Small states,2016,..
Small states,2017,..
Small states,2018,..
Solomon Islands,2015,519562129.9
Solomon Islands,2016,513960963.3
Solomon Islands,2017,574230569.1
Solomon Islands,2018,617115407.1
Somalia,2015,..
Somalia,2016,..
Somalia,2017,..
Somalia,2018,..
South Africa,2015,45887065757
South Africa,2016,47180127301
South Africa,2017,50722891363
South Africa,2018,51642041967
South Asia,2015,..
South Asia,2016,..
South Asia,2017,..
South Asia,2018,..
South Asia (IDA & IBRD),2015,..
South Asia (IDA & IBRD),2016,..
South Asia (IDA & IBRD),2017,..
South Asia (IDA & IBRD),2018,..
South Sudan,2015,229880518.4
South Sudan,2016,68159818.64
South Sudan,2017,..
South Sudan,2018,..
Spain,2015,53973842236
Spain,2016,63039926529
Spain,2017,69400198866
Spain,2018,70633189428
Sri Lanka,2015,7302096590
Sri Lanka,2016,6008199165
Sri Lanka,2017,7959047615
Sri Lanka,2018,6920825566
St. Kitts and Nevis,2015,288394872.3
St. Kitts and Nevis,2016,320542568.3
St. Kitts and Nevis,2017,365098328.5
St. Kitts and Nevis,2018,363216830.6
St. Lucia,2015,317540361.6
St. Lucia,2016,305519500.8
St. Lucia,2017,321767417.2
St. Lucia,2018,285824309.7
St. Martin (French part),2015,..
St. Martin (French part),2016,..
St. Martin (French part),2017,..
St. Martin (French part),2018,..
St. Vincent and the Grenadines,2015,166009602.2
St. Vincent and the Grenadines,2016,192255789.8
St. Vincent and the Grenadines,2017,182046079.2
St. Vincent and the Grenadines,2018,169562298.9
Sub-Saharan Africa,2015,..
Sub-Saharan Africa,2016,..
Sub-Saharan Africa,2017,..
Sub-Saharan Africa,2018,..
Sub-Saharan Africa (excluding high income),2015,..
Sub-Saharan Africa (excluding high income),2016,..
Sub-Saharan Africa (excluding high income),2017,..
Sub-Saharan Africa (excluding high income),2018,..
Sub-Saharan Africa (IDA & IBRD countries),2015,..
Sub-Saharan Africa (IDA & IBRD countries),2016,..
Sub-Saharan Africa (IDA & IBRD countries),2017,..
Sub-Saharan Africa (IDA & IBRD countries),2018,..
Sudan,2015,173516490.9
Sudan,2016,168284353.1
Sudan,2017,177933851.8
Sudan,2018,..
Suriname,2015,330244649.3
Suriname,2016,381050648.9
Suriname,2017,424603963.1
Suriname,2018,580780344.6
Sweden,2015,58098544753
Sweden,2016,59361642625
Sweden,2017,62191481194
Sweden,2018,60566144401
Switzerland,2015,602402585638
Switzerland,2016,678909680870
Switzerland,2017,811030675726
Switzerland,2018,787021335044
Syrian Arab Republic,2015,..
Syrian Arab Republic,2016,..
Syrian Arab Republic,2017,..
Syrian Arab Republic,2018,..
Tajikistan,2015,493391433
Tajikistan,2016,644763434.4
Tajikistan,2017,1291955731
Tajikistan,2018,1284070863
Tanzania,2015,4080762378
Tanzania,2016,4350687048
Tanzania,2017,5887869885
Tanzania,2018,5049646420
Thailand,2015,156459956383
Thailand,2016,171772074487
Thailand,2017,202538295197
Thailand,2018,205640628938
Timor-Leste,2015,437752181
Timor-Leste,2016,280953720.7
Timor-Leste,2017,544434361
Timor-Leste,2018,673903564.7
Togo,2015,..
Togo,2016,..
Togo,2017,..
Togo,2018,..
Tonga,2015,156107668.8
Tonga,2016,176497315.5
Tonga,2017,198522418.4
Tonga,2018,227189184
Trinidad and Tobago,2015,9993217471
Trinidad and Tobago,2016,9536894466
Trinidad and Tobago,2017,8450339608
Trinidad and Tobago,2018,8108517577
Tunisia,2015,7559201960
Tunisia,2016,6137077790
Tunisia,2017,6143986080
Tunisia,2018,5661370259
Turkey,2015,110489628113
Turkey,2016,105945859574
Turkey,2017,107657025385
Turkey,2018,92982552061
Turkmenistan,2015,..
Turkmenistan,2016,..
Turkmenistan,2017,..
Turkmenistan,2018,..
Turks and Caicos Islands,2015,..
Turks and Caicos Islands,2016,..
Turks and Caicos Islands,2017,..
Turks and Caicos Islands,2018,..
Tuvalu,2015,..
Tuvalu,2016,..
Tuvalu,2017,..
Tuvalu,2018,..
Uganda,2015,2908876773
Uganda,2016,3097848070
Uganda,2017,3720863721
Uganda,2018,3358514650
Ukraine,2015,13300880765
Ukraine,2016,15537256304
Ukraine,2017,18810931197
Ukraine,2018,20817897004
United Arab Emirates,2015,93929134196
United Arab Emirates,2016,85390832746
United Arab Emirates,2017,95377648626
United Arab Emirates,2018,99503335479
United Kingdom,2015,148109299506
United Kingdom,2016,134931850848
United Kingdom,2017,150857673779
United Kingdom,2018,172657749536
United States,2015,383728497570
United States,2016,405942428720
United States,2017,451285263406
United States,2018,449907088829
Upper middle income,2015,..
Upper middle income,2016,..
Upper middle income,2017,..
Upper middle income,2018,..
Uruguay,2015,15633854333
Uruguay,2016,13471669447
Uruguay,2017,15959345501
Uruguay,2018,15556520867
Uzbekistan,2015,24287333270
Uzbekistan,2016,26284410687
Uzbekistan,2017,28070940955
Uzbekistan,2018,27077105981
Vanuatu,2015,269167136.2
Vanuatu,2016,267345975.9
Vanuatu,2017,395101633.9
Vanuatu,2018,420592370.2
"Venezuela, RB",2015,15625329212
"Venezuela, RB",2016,10150000484
"Venezuela, RB",2017,9794062065
"Venezuela, RB",2018,..
Vietnam,2015,28250254960
Vietnam,2016,36527291044
Vietnam,2017,49075567812
Vietnam,2018,55452622583
Virgin Islands (U.S.),2015,..
Virgin Islands (U.S.),2016,..
Virgin Islands (U.S.),2017,..
Virgin Islands (U.S.),2018,..
West Bank and Gaza,2015,580939642.2
West Bank and Gaza,2016,312800333.7
West Bank and Gaza,2017,446349334.4
West Bank and Gaza,2018,537846124.6
World,2015,..
World,2016,..
World,2017,..
World,2018,..
"Yemen, Rep.",2015,..
"Yemen, Rep.",2016,..
"Yemen, Rep.",2017,..
"Yemen, Rep.",2018,..
Zambia,2015,2967626716
Zambia,2016,2352719004
Zambia,2017,2082083920
Zambia,2018,1569229906
Zimbabwe,2015,434586085.9
Zimbabwe,2016,407193244.1
Zimbabwe,2017,292621249.1
Zimbabwe,2018,86951094.03